,Car Name,Auction Rating,Model Year,Mileage,Fuel Type,Engine Capacity,Transmission,Engine Unit,Price (PKR)
0,BMW 7 Series 5th (F01) Generation 2013 ActiveHybrid 7L for Sale,,2013,52000,Hybrid,3000.0,Automatic,cc,
1,BMW X5  2012 xDrive50i for Sale,8.0,2012,102148,Petrol,4400.0,Automatic,cc,16000000.0
2,BMW 7 Series  2017 740 Le xDrive for Sale,,2017,48000,Hybrid,2000.0,Automatic,cc,34500000.0
3,BMW 2 Series  2021 218i Gran Coupe for Sale,9.3,2021,68064,Petrol,1500.0,Manual,cc,13500000.0
4,BMW X1  2017 sDrive18i A/T for Sale,8.6,2017,138928,Petrol,1500.0,Automatic,cc,8200000.0
5,BMW X1  2017 sDrive18i A/T for Sale,8.9,2017,32877,Petrol,1500.0,Automatic,cc,8200000.0
6,BMW X5  2008 xDrive30d for Sale,6.5,2008,129697,Diesel,3000.0,Automatic,cc,5000000.0
7,BMW 7 Series  2023 i7 xDrive60 M Sports for Sale,,2023,3000,Electric,105.0,Automatic,kWh,
8,BMW X5  2017 xDrive40e for Sale,8.1,2017,83047,Hybrid,2000.0,Automatic,cc,14000000.0
9,BMW 7 Series 4th (E65) Generation 2002 735i for Sale,6.7,2002,149268,Petrol,3600.0,Automatic,cc,4000000.0
10,BMW X5  2022 xDrive45e for Sale,,2022,54000,PHEV,3000.0,Automatic,cc,43500000.0
11,BMW i5  2023 eDrive40 M Sport for Sale,,2023,18000,Electric,810.0,Automatic,kWh,24900000.000000004
12,BMW 7 Series 5th (F01) Generation 2010 750Li for Sale,,2010,97000,Petrol,4400.0,Automatic,cc,9650000.0
13,BMW 5 Series 6th (F10) Generation 2013 520i for Sale,,2013,62000,Petrol,2000.0,Automatic,cc,9700000.0
14,BMW X5  2012 xDrive50i for Sale,,2012,71200,Petrol,4400.0,Automatic,cc,17900000.0
15,BMW X1  2017 sDrive18i A/T for Sale,,2017,120000,Petrol,1500.0,Automatic,cc,6200000.0
16,BMW X1  2017 sDrive18i M/T for Sale,,2017,750000,Petrol,1500.0,Manual,cc,6399000.0
17,BMW 7 Series 5th (F01) Generation 2010 730d for Sale,,2010,132000,Diesel,3000.0,Automatic,cc,10100000.0
18,BMW 3 Series 4th (E46) Generation 2006 320i for Sale,,2006,150000,Petrol,2000.0,Automatic,cc,3295000.0000000005
19,BMW 7 Series 5th (F01) Generation 2009 730d for Sale,,2009,105000,Diesel,3000.0,Automatic,cc,8500000.0
20,BMW 3 Series 4th (E46) Generation 2003 320i for Sale,,2003,58000,Petrol,2000.0,Automatic,cc,3250000.0
21,BMW 7 Series  2006  for Sale,,2006,96000,Petrol,4000.0,Automatic,cc,4800000.0
22,BMW 3 Series  1996  for Sale,,1996,200000,Petrol,1800.0,Manual,cc,2100000.0
23,BMW i4  2022 eDrive40 for Sale,,2022,41500,Electric,84.0,Automatic,kWh,20900000.0
24,BMW X1  2017 sDrive18i A/T for Sale,8.7,2017,89293,Petrol,1500.0,Automatic,cc,7200000.0
25,BMW 7 Series 5th (F01) Generation 2010 730d for Sale,,2010,132000,Diesel,3000.0,Automatic,cc,10100000.0
26,BMW 3 Series 4th (E46) Generation 2006 320i for Sale,,2006,150000,Petrol,2000.0,Automatic,cc,3295000.0000000005
27,BMW 7 Series 5th (F01) Generation 2009 730d for Sale,,2009,105000,Diesel,3000.0,Automatic,cc,8500000.0
28,BMW i4  2022 eDrive40 for Sale,,2022,41500,Electric,84.0,Automatic,kWh,20900000.0
29,BMW X1  2017 sDrive18i A/T for Sale,8.7,2017,89293,Petrol,1500.0,Automatic,cc,7200000.0
30,BMW 5 Series 5th (E60) Generation 2006 525i for Sale,8.0,2006,89383,Petrol,2500.0,Automatic,cc,4000000.0
31,BMW 3 Series  2018 318i for Sale,8.3,2018,109245,Petrol,1600.0,Automatic,cc,9000000.0
32,BMW X1  2018 sDrive18i A/T for Sale,,2018,150000,Petrol,1500.0,Automatic,cc,9300000.0
33,BMW X3  2008  for Sale,7.3,2008,93048,Petrol,2500.0,Automatic,cc,4000000.0
34,BMW 2 Series  2020 218i Gran Coupe for Sale,9.3,2020,25441,Petrol,1500.0,Manual,cc,15000000.0
35,BMW 7 Series  2014 750i for Sale,,2014,48000,Petrol,4400.0,Automatic,cc,
36,BMW X1  2017 sDrive18i A/T for Sale,9.1,2017,30005,Petrol,1500.0,Automatic,cc,9000000.0
37,BMW 5 Series 5th (E60) Generation 2004 525i for Sale,,2004,150000,Petrol,2500.0,Automatic,cc,2800000.0
38,BMW 7 Series 5th (F01) Generation 2009 740i for Sale,,2009,84000,Petrol,3000.0,Automatic,cc,8450000.0
39,BMW X1  2017 sDrive18i A/T for Sale,,2017,125000,Petrol,1500.0,Automatic,cc,7500000.0
40,BMW X1  2017 sDrive18i A/T for Sale,,2017,130000,Petrol,1500.0,Automatic,cc,5600000.0
41,BMW 3 Series 4th (E46) Generation 2000 316i for Sale,,2000,155000,Petrol,1800.0,Manual,cc,2200000.0
42,BMW i4  2026 eDrive35 for Sale,,2026,1500,Electric,67.0,Automatic,kWh,25500000.0
43,BMW X5  2014  for Sale,7.6,2014,83980,Diesel,2000.0,Automatic,cc,16000000.0
44,BMW 7 Series 4th (E65) Generation 2004 745Li for Sale,,2004,174580,Petrol,4400.0,Automatic,cc,3500000.0
45,BMW 3 Series  2013 316i for Sale,,2013,69000,Petrol,1600.0,Automatic,cc,9900000.0
46,BMW X1  2017 sDrive18i A/T for Sale,,2017,150000,Petrol,1500.0,Automatic,cc,
47,BMW i5  2024 eDrive40 M Sport for Sale,,2024,6100,Electric,81.0,Automatic,kWh,25000000.0
48,BMW i5  2023 eDrive40 M Sport for Sale,,2023,4000,Electric,8120.0,Automatic,kWh,30000000.0
49,BMW 3 Series 4th (E46) Generation 2000 316i for Sale,,2000,155000,Petrol,1800.0,Manual,cc,2100000.0
50,BMW i5  2023 eDrive40 for Sale,,2023,6000,Electric,81.0,Automatic,kWh,25299999.999999996
51,BMW iX  2022 xDrive40 for Sale,9.7,2022,24936,Electric,710.0,Automatic,kWh,27500000.0
52,BMW 7 Series 4th (E65) Generation 2007 745i for Sale,,2007,69000,Petrol,4400.0,Automatic,cc,4450000.0
53,BMW X1  2017 sDrive18i A/T for Sale,8.7,2017,86493,Petrol,1500.0,Automatic,cc,6900000.0
54,BMW 3 Series  2015 316i for Sale,,2015,92000,Petrol,1600.0,Automatic,cc,7250000.0
55,BMW i4  2026 eDrive35 for Sale,,2026,1500,Electric,67.0,Automatic,kWh,25500000.0
56,BMW X5  2014  for Sale,7.6,2014,83980,Diesel,2000.0,Automatic,cc,16000000.0
57,BMW X1  2017 sDrive18i A/T for Sale,,2017,150000,Petrol,1500.0,Automatic,cc,
58,BMW i5  2023 eDrive40 M Sport for Sale,,2023,4000,Electric,8120.0,Automatic,kWh,30000000.0
59,BMW i5  2023 eDrive40 for Sale,,2023,6000,Electric,81.0,Automatic,kWh,25299999.999999996
60,BMW iX  2022 xDrive40 for Sale,9.7,2022,24936,Electric,710.0,Automatic,kWh,27500000.0
61,BMW X1  2017 sDrive18i A/T for Sale,8.7,2017,86493,Petrol,1500.0,Automatic,cc,6900000.0
62,BMW 3 Series  2015 316i for Sale,,2015,92000,Petrol,1600.0,Automatic,cc,7250000.0
63,BMW 7 Series 4th (E65) Generation 2005 750i for Sale,,2005,125000,Petrol,4800.0,Automatic,cc,3650000.0
64,BMW 7 Series  2004 745Li for Sale,,2004,290790,Petrol,4500.0,Automatic,cc,5200000.0
65,BMW 7 Series  2023 i7 xDrive60 M Sports for Sale,,2023,3399,Electric,105.7,Automatic,kWh,62500000.0
66,BMW i4  2025 eDrive35 for Sale,,2025,3300,Electric,67.0,Automatic,kWh,24500000.0
67,BMW X1  2017 sDrive18i A/T for Sale,,2017,60000,Petrol,1500.0,Automatic,cc,6900000.0
68,BMW X1  2017 sDrive18i A/T for Sale,,2017,150000,Petrol,1500.0,Automatic,cc,6375000.0
69,BMW 7 Series 5th (F01) Generation 2013 ActiveHybrid 7L for Sale,,2013,87000,Hybrid,3000.0,Automatic,cc,17000000.0
70,BMW 7 Series  2023 i7 xDrive60 M Sports for Sale,,2023,3400,Electric,1057.0,Automatic,kWh,62500000.0
71,BMW 5 Series  2016  for Sale,,2016,56000,Diesel,2000.0,Automatic,cc,15000000.0
72,BMW 7 Series 4th (E65) Generation 2003 730i for Sale,,2003,110000,Petrol,3000.0,Automatic,cc,5000000.0
73,BMW X5  2005 4.4i for Sale,,2005,138000,Petrol,4400.0,Automatic,cc,5800000.0
74,BMW i4  2022 eDrive40 for Sale,,2022,26000,Electric,84.0,Automatic,kWh,20800000.0
75,BMW 7 Series  2017 740 Le xDrive for Sale,,2017,45000,Hybrid,2000.0,Automatic,cc,
76,BMW 3 Series  1997 318i for Sale,,1997,90000,Petrol,1800.0,Automatic,cc,2100000.0
77,BMW 5 Series 5th (E60) Generation 2006 530i for Sale,,2006,144000,Petrol,3000.0,Automatic,cc,3990000.0
78,BMW 5 Series 5th (E60) Generation 2006 530i for Sale,,2006,140000,Petrol,3000.0,Automatic,cc,4300000.0
79,BMW X1  2017 sDrive18i A/T for Sale,,2017,62000,Petrol,1500.0,Automatic,cc,6250000.0
80,BMW 5 Series 6th (F10) Generation 2012 ActiveHybrid 5 for Sale,,2012,75000,Hybrid,3000.0,Automatic,cc,10500000.0
81,BMW 7 Series 4th (E65) Generation 2007 730d for Sale,,2007,125000,Diesel,3000.0,Automatic,cc,6500000.0
82,BMW 7 Series 5th (F01) Generation 2015 730Li for Sale,,2015,47000,Petrol,3000.0,Automatic,cc,23500000.0
83,BMW i4  2022 eDrive40 for Sale,9.8,2022,29326,Electric,84.0,Automatic,kWh,21500000.0
84,BMW i4  2022 eDrive40 for Sale,,2022,12300,Electric,84.0,Automatic,kWh,26200000.0
85,BMW i5  2023 eDrive40 M Sport for Sale,,2023,9540,Electric,81.2,Automatic,kWh,27700000.0
86,BMW iX  2023 xDrive40 for Sale,,2023,15000,Electric,710.0,Automatic,kWh,
87,BMW i4  2022 eDrive40 for Sale,,2022,18000,Electric,84.0,Automatic,kWh,
88,BMW X1  2017 sDrive18i A/T for Sale,,2017,150000,Petrol,1500.0,Automatic,cc,6375000.0
89,BMW 7 Series  2023 i7 xDrive60 M Sports for Sale,,2023,3400,Electric,1057.0,Automatic,kWh,62500000.0
90,BMW 5 Series  2016  for Sale,,2016,56000,Diesel,2000.0,Automatic,cc,15000000.0
91,BMW X5  2005 4.4i for Sale,,2005,138000,Petrol,4400.0,Automatic,cc,5800000.0
92,BMW i4  2022 eDrive40 for Sale,,2022,26000,Electric,84.0,Automatic,kWh,20800000.0
93,BMW 7 Series  2017 740 Le xDrive for Sale,,2017,45000,Hybrid,2000.0,Automatic,cc,
94,BMW 5 Series 5th (E60) Generation 2006 530i for Sale,,2006,144000,Petrol,3000.0,Automatic,cc,3990000.0
95,BMW 5 Series 6th (F10) Generation 2012 ActiveHybrid 5 for Sale,,2012,75000,Hybrid,3000.0,Automatic,cc,10500000.0
96,BMW 7 Series 4th (E65) Generation 2007 730d for Sale,,2007,125000,Diesel,3000.0,Automatic,cc,6500000.0
97,BMW i4  2022 eDrive40 for Sale,,2022,12300,Electric,84.0,Automatic,kWh,26200000.0
98,BMW i5  2023 eDrive40 M Sport for Sale,,2023,9540,Electric,81.2,Automatic,kWh,27700000.0
99,BMW iX  2023 xDrive40 for Sale,,2023,15000,Electric,710.0,Automatic,kWh,
100,BMW i8  2018 Roadster for Sale,,2018,16000,Hybrid,1500.0,Automatic,cc,
101,BMW iX3  2022 M Sport for Sale,,2022,23000,Electric,738.0,Automatic,kWh,
102,BMW iX  2022 xDrive40 for Sale,,2022,35000,Electric,71.0,Automatic,kWh,25900000.0
103,BMW 7 Series  2021 745Le xDrive for Sale,,2021,80000,Hybrid,3000.0,Automatic,cc,67500000.0
104,BMW X5  2013 xDrive50i for Sale,,2013,100000,Petrol,4400.0,Automatic,cc,
105,BMW i5  2024 eDrive40 M Sport for Sale,,2024,15000,Electric,81.0,Automatic,kWh,
106,BMW i5  2023 eDrive40 M Sport for Sale,,2023,12000,Electric,81.0,Automatic,kWh,32000000.0
107,BMW 7 Series 4th (E65) Generation 2003 735i for Sale,,2003,87000,Petrol,3600.0,Automatic,cc,3200000.0
108,BMW 7 Series  2004 735i for Sale,,2004,78000,Petrol,3600.0,Automatic,cc,4500000.0
109,BMW i5  2023 M60 xDrive for Sale,,2023,11000,Electric,81.0,Automatic,kWh,45500000.0
110,BMW X5  2006 4.4i for Sale,,2006,117000,Petrol,4400.0,Automatic,cc,5000000.0
111,BMW 7 Series  2022 i7 xDrive60 Excellence for Sale,,2022,5000,Electric,105.0,Automatic,kWh,56000000.0
112,BMW X5  2001 3.0i for Sale,,2001,600000,Petrol,3000.0,Automatic,cc,3400000.0
113,BMW 7 Series 4th (E65) Generation 2004 735i for Sale,7.4,2004,208325,Petrol,3600.0,Automatic,cc,4800000.0
114,BMW 7 Series  2023 i7 xDrive60 M Sports for Sale,,2023,5500,Electric,1057.0,Automatic,kWh,60000000.0
115,BMW 5 Series 5th (E60) Generation 2004 530d for Sale,,2004,240000,Diesel,3000.0,Automatic,cc,3600000.0
116,BMW 5 Series 5th (E60) Generation 2006 530i for Sale,,2006,117000,Petrol,3000.0,Automatic,cc,4100000.0
117,BMW 7 Series  2023 i7 xDrive60 M Pro Package for Sale,,2023,25000,Electric,102.0,Automatic,kWh,62500000.0
118,BMW 7 Series 4th (E65) Generation 2003 730i for Sale,,2003,93760,Petrol,3000.0,Automatic,cc,3450000.0
119,BMW 3 Series 5th (E90) Generation 2005 318i for Sale,,2005,122000,Petrol,2000.0,Automatic,cc,5500000.0
120,BMW 3 Series 5th (E90) Generation 2006 320i for Sale,,2006,198000,Petrol,2000.0,Automatic,cc,3550000.0
121,BMW X5  2007 xDrive30d for Sale,,2007,192000,Diesel,3000.0,Automatic,cc,5500000.0
122,BMW iX3  2022 M Sport for Sale,,2022,27000,Electric,73.0,Automatic,kWh,
123,BMW X1  2017 sDrive18i A/T for Sale,,2017,50000,Petrol,1500.0,Automatic,cc,7600000.0
124,BMW 5 Series 5th (E60) Generation 2005 523i for Sale,,2005,200000,Petrol,2500.0,Automatic,cc,4000000.0
125,BMW i8  2018 Roadster for Sale,,2018,16000,Hybrid,1500.0,Automatic,cc,
126,BMW iX3  2022 M Sport for Sale,,2022,23000,Electric,738.0,Automatic,kWh,
127,BMW 7 Series  2021 745Le xDrive for Sale,,2021,80000,Hybrid,3000.0,Automatic,cc,67500000.0
128,BMW X5  2013 xDrive50i for Sale,,2013,100000,Petrol,4400.0,Automatic,cc,
129,BMW i5  2024 eDrive40 M Sport for Sale,,2024,15000,Electric,81.0,Automatic,kWh,
130,BMW i5  2023 eDrive40 M Sport for Sale,,2023,12000,Electric,81.0,Automatic,kWh,32000000.0
131,BMW 7 Series  2004 735i for Sale,,2004,78000,Petrol,3600.0,Automatic,cc,4500000.0
132,BMW 7 Series 4th (E65) Generation 2004 735i for Sale,7.4,2004,208325,Petrol,3600.0,Automatic,cc,4800000.0
133,BMW 7 Series  2023 i7 xDrive60 M Sports for Sale,,2023,5500,Electric,1057.0,Automatic,kWh,60000000.0
134,BMW 7 Series  2023 i7 xDrive60 M Pro Package for Sale,,2023,25000,Electric,102.0,Automatic,kWh,62500000.0
135,BMW X5  2007 xDrive30d for Sale,,2007,192000,Diesel,3000.0,Automatic,cc,5500000.0
136,BMW iX3  2022 M Sport for Sale,,2022,27000,Electric,73.0,Automatic,kWh,
137,BMW 7 Series  2022 i7 xDrive60 Excellence for Sale,,2022,8000,Electric,105.0,Automatic,kWh,
138,BMW 5 Series 5th (E60) Generation 2006 530i for Sale,,2006,170000,Petrol,3000.0,Automatic,cc,4200000.0
139,BMW 3 Series  1992  for Sale,,1992,155000,Petrol,2500.0,Manual,cc,2000000.0
140,BMW 3 Series  2015 316i for Sale,,2015,59000,Petrol,1600.0,Automatic,cc,8375000.0
141,BMW i5  2024 eDrive40 M Sport for Sale,,2024,19000,Electric,81.0,Automatic,kWh,32400000.000000004
142,BMW 5 Series 5th (E60) Generation 2010 550i for Sale,,2010,145000,Petrol,4800.0,Automatic,cc,9000000.0
143,BMW 5 Series 5th (E60) Generation 2006 530i for Sale,,2006,200000,Petrol,3000.0,Automatic,cc,4200000.0
144,BMW iX  2022 xDrive40 for Sale,,2022,5000,Electric,71.0,Automatic,kWh,26500000.0
145,BMW 2 Series  2022 218i Gran Coupe for Sale,,2022,12000,Petrol,1500.0,Automatic,cc,
146,BMW 7 Series  2025 i7 xDrive50 M Sport for Sale,,2025,300,Electric,101.0,Automatic,kWh,67500000.0
147,BMW iX  2022 xDrive40 for Sale,,2022,5000,Electric,71.0,Automatic,kWh,26500000.0
148,BMW X1  2017 sDrive18i M/T for Sale,,2017,112000,Petrol,1500.0,Manual,cc,7500000.0
149,BMW X5  2010  for Sale,,2010,100000,Petrol,2500.0,Automatic,cc,9000000.0
150,BMW 3 Series  2014 316i for Sale,,2014,68000,Petrol,1600.0,Automatic,cc,8150000.0
151,BMW 7 Series  2023 i7 xDrive60 M Sports for Sale,,2023,6000,Electric,105.0,Automatic,kWh,
152,BMW X5  2003 3.0i for Sale,,2003,96000,Petrol,3000.0,Automatic,cc,3100000.0
153,BMW 7 Series  2024 i7 xDrive60 M Sports for Sale,,2024,8700,Electric,105.0,Automatic,kWh,69900000.0
154,BMW iX  2021 xDrive50 for Sale,,2021,32000,Electric,111.0,Automatic,kWh,25500000.0
155,BMW i4  2022 eDrive40 for Sale,,2022,25000,Electric,84.0,Automatic,kWh,18800000.0
156,BMW 5 Series 5th (E60) Generation 2009 525i for Sale,,2009,95000,Petrol,2500.0,Automatic,cc,4950000.0
157,BMW 5 Series 5th (E60) Generation 2005 530i for Sale,,2005,200000,Petrol,3000.0,Automatic,cc,3400000.0
158,BMW X1  2017 sDrive18i A/T for Sale,,2017,48000,Petrol,1500.0,Automatic,cc,
159,BMW 7 Series  2016 740 Le xDrive for Sale,,2016,120000,PHEV,2000.0,Automatic,cc,35000000.0
160,BMW iX  2022 xDrive40 for Sale,9.6,2022,13096,Electric,71.0,Automatic,kWh,29000000.0
161,BMW i4  2025 eDrive35 for Sale,,2025,1700,Electric,67.0,Automatic,kWh,30000000.0
162,BMW 7 Series  2022 i7 xDrive60 Excellence for Sale,,2022,8000,Electric,105.0,Automatic,kWh,
163,BMW 5 Series 5th (E60) Generation 2010 550i for Sale,,2010,145000,Petrol,4800.0,Automatic,cc,9000000.0
164,BMW iX  2022 xDrive40 for Sale,,2022,5000,Electric,71.0,Automatic,kWh,26500000.0
165,BMW 2 Series  2022 218i Gran Coupe for Sale,,2022,12000,Petrol,1500.0,Automatic,cc,
166,BMW iX  2022 xDrive40 for Sale,,2022,5000,Electric,71.0,Automatic,kWh,26500000.0
167,BMW X1  2017 sDrive18i M/T for Sale,,2017,112000,Petrol,1500.0,Manual,cc,7500000.0
168,BMW 3 Series  2014 316i for Sale,,2014,68000,Petrol,1600.0,Automatic,cc,8150000.0
169,BMW 7 Series  2023 i7 xDrive60 M Sports for Sale,,2023,6000,Electric,105.0,Automatic,kWh,
170,BMW 7 Series  2024 i7 xDrive60 M Sports for Sale,,2024,8700,Electric,105.0,Automatic,kWh,69900000.0
171,BMW X1  2017 sDrive18i A/T for Sale,,2017,48000,Petrol,1500.0,Automatic,cc,
172,BMW 7 Series  2016 740 Le xDrive for Sale,,2016,120000,PHEV,2000.0,Automatic,cc,35000000.0
173,BMW iX  2022 xDrive40 for Sale,9.6,2022,13096,Electric,71.0,Automatic,kWh,29000000.0
174,BMW 7 Series  2022 i7 xDrive60 Excellence for Sale,,2022,24000,Electric,1050.0,Automatic,kWh,
175,BMW 7 Series 4th (E65) Generation 2003 730d for Sale,,2003,250000,Diesel,3000.0,Automatic,cc,3150000.0
176,BMW 5 Series 5th (E60) Generation 2008 550i for Sale,,2008,160000,Petrol,4800.0,Automatic,cc,5500000.0
177,BMW 7 Series  2022 i7 xDrive60 Excellence for Sale,,2022,20000,Electric,105.0,Automatic,kWh,
178,BMW 3 Series  2015 316i for Sale,,2015,154000,Petrol,1600.0,Automatic,cc,7500000.0
179,BMW X5  2004 4.4i for Sale,,2004,151000,Petrol,4400.0,Automatic,cc,3800000.0
180,BMW 7 Series  2022 i7 xDrive60 Excellence for Sale,,2022,30000,Electric,105.0,Automatic,kWh,59900000.0
181,BMW 5 Series 5th (E60) Generation 2007 525d for Sale,,2007,250000,Diesel,2500.0,Manual,cc,3800000.0
182,BMW X3  2009  for Sale,,2009,137000,Petrol,2500.0,Automatic,cc,4675000.0
183,BMW 7 Series  2025 i7 eDrive50 for Sale,,2025,26900,Electric,101.0,Automatic,kWh,64000000.0
184,BMW 7 Series  2022 i7 xDrive60 M Sports for Sale,,2022,18000,Electric,105.0,Automatic,kWh,
185,BMW 7 Series  2023 i7 xDrive60 Excellence for Sale,,2023,12500,Electric,105.0,Automatic,kWh,
186,BMW i5  2023 eDrive40 M Sport for Sale,,2023,24000,Electric,81.0,Automatic,kWh,
187,BMW i5  2023 eDrive40 M Sport for Sale,,2023,11000,Electric,81.0,Automatic,kWh,
188,BMW 5 Series 5th (E60) Generation 2005 550i for Sale,,2005,120000,Petrol,4800.0,Automatic,cc,6000000.0
189,BMW 3 Series 4th (E46) Generation 2006 320i for Sale,,2006,160000,Petrol,2000.0,Automatic,cc,3600000.0
190,BMW 3 Series  1993  for Sale,,1993,130000,Petrol,2500.0,Manual,cc,2950000.0
191,BMW i4  2023 eDrive40 for Sale,,2023,32000,Electric,84.0,Automatic,kWh,25000000.0
192,BMW 7 Series  2023 i7 xDrive60 M Sports for Sale,,2023,7000,Electric,105.0,Automatic,kWh,
193,BMW 5 Series 6th (F10) Generation 2015 ActiveHybrid 5 for Sale,,2015,94000,Hybrid,3000.0,Automatic,cc,12500000.0
194,BMW 5 Series 5th (E60) Generation 2010 523i for Sale,,2010,4500,Petrol,2500.0,Automatic,cc,8000000.0
195,BMW i4  2025 eDrive35 for Sale,,2025,6800,Electric,670.0,Automatic,kWh,22799999.999999996
196,BMW 3 Series  1997  for Sale,,1997,141000,Petrol,3000.0,Automatic,cc,3000000.0
197,BMW 5 Series 5th (E60) Generation 2005 530i for Sale,,2005,167000,Petrol,3000.0,Automatic,cc,4500000.0
198,BMW 5 Series 5th (E60) Generation 2007 525d for Sale,,2007,150000,Diesel,2500.0,Automatic,cc,3600000.0
199,BMW i4  2025 eDrive35 for Sale,,2025,1700,Electric,67.0,Automatic,kWh,30000000.0
200,BMW 7 Series  2022 i7 xDrive60 Excellence for Sale,,2022,24000,Electric,1050.0,Automatic,kWh,
201,BMW 5 Series 5th (E60) Generation 2008 550i for Sale,,2008,160000,Petrol,4800.0,Automatic,cc,5500000.0
202,BMW 7 Series  2022 i7 xDrive60 Excellence for Sale,,2022,20000,Electric,105.0,Automatic,kWh,
203,BMW 3 Series  2015 316i for Sale,,2015,154000,Petrol,1600.0,Automatic,cc,7500000.0
204,BMW X5  2004 4.4i for Sale,,2004,151000,Petrol,4400.0,Automatic,cc,3800000.0
205,BMW 7 Series  2022 i7 xDrive60 Excellence for Sale,,2022,30000,Electric,105.0,Automatic,kWh,59900000.0
206,BMW 5 Series 5th (E60) Generation 2005 550i for Sale,,2005,120000,Petrol,4800.0,Automatic,cc,6000000.0
207,BMW i8  2015 Coupe for Sale,,2015,33400,Hybrid,1500.0,Automatic,cc,26000000.0
208,BMW X1  2017 sDrive18i A/T for Sale,,2017,10000,Petrol,1500.0,Automatic,cc,9500000.0
209,BMW i4  2023 eDrive35 for Sale,,2023,6000,Electric,67.0,Automatic,kWh,18500000.0
210,BMW 7 Series 5th (F01) Generation 2013 750Li for Sale,,2013,150000,Petrol,4400.0,Automatic,cc,13500000.0
211,BMW 7 Series 4th (E65) Generation 2002 745Li for Sale,,2002,130000,Petrol,4400.0,Automatic,cc,6500000.0
212,BMW X5  2005 4.4i for Sale,,2005,138000,Petrol,4400.0,Automatic,cc,6500000.0
213,BMW 6 Series  2005  for Sale,,2005,115000,Petrol,4500.0,Automatic,cc,7500000.0
214,BMW 7 Series  2023 i7 xDrive60 M Sports for Sale,,2023,7000,Electric,105.0,Automatic,kWh,
215,BMW X1  2017 sDrive18i A/T for Sale,,2017,80000,Petrol,1500.0,Automatic,cc,8350000.0
216,BMW 5 Series 5th (E60) Generation 2007 525d for Sale,,2007,200000,Diesel,2500.0,Automatic,cc,3750000.0
217,BMW i5  2024 eDrive40 M Sport for Sale,,2024,19000,Electric,81.2,Automatic,kWh,32900000.0
218,BMW X1  2017 sDrive18i A/T for Sale,,2017,115000,Petrol,1500.0,Automatic,cc,7500000.0
219,BMW i4  2023 eDrive40 for Sale,,2023,35500,Electric,84.0,Automatic,kWh,20800000.0
220,BMW M Series  2006  for Sale,,2006,68000,Petrol,5000.0,Automatic,cc,11500000.0
221,BMW 7 Series 4th (E65) Generation 2008 730Li for Sale,,2008,102000,Petrol,3000.0,Automatic,cc,4700000.0
222,BMW 3 Series 4th (E46) Generation 2001 318i for Sale,,2001,200000,Petrol,2000.0,Automatic,cc,2450000.0
223,BMW 5 Series 5th (E60) Generation 2012 520d for Sale,8.9,2012,140000,Diesel,2000.0,Automatic,cc,11700000.0
224,BMW 7 Series 4th (E65) Generation 2002 735i for Sale,,2002,135000,Petrol,3600.0,Automatic,cc,3300000.0
225,BMW X1  2018 sDrive18i A/T for Sale,,2018,65000,Petrol,1500.0,Automatic,cc,7200000.0
226,BMW 3 Series 4th (E46) Generation 2017 318i for Sale,,2017,86000,Petrol,2000.0,Automatic,cc,11500000.0
227,BMW 7 Series 4th (E65) Generation 2007 730i for Sale,,2007,70850,Petrol,3000.0,Automatic,cc,4200000.0
228,BMW 5 Series 5th (E60) Generation 2006 530i for Sale,,2006,140000,Petrol,3000.0,Automatic,cc,3800000.0
229,BMW iX3  2021 M Sport for Sale,,2021,18900,Electric,1500.0,Automatic,kWh,16800000.0
230,BMW 7 Series  2016 750 Li for Sale,,2016,69000,Petrol,4400.0,Automatic,cc,37500000.0
231,BMW 7 Series  2023 i7 xDrive60 Excellence for Sale,,2023,8000,Electric,1050.0,Automatic,kWh,
232,BMW 7 Series  2023 i7 xDrive60 M Sports for Sale,,2023,7000,Electric,105.0,Automatic,kWh,
233,BMW X1  2017 sDrive18i A/T for Sale,,2017,80000,Petrol,1500.0,Automatic,cc,8350000.0
234,BMW i5  2024 eDrive40 M Sport for Sale,,2024,19000,Electric,81.2,Automatic,kWh,32900000.0
235,BMW M Series  2006  for Sale,,2006,68000,Petrol,5000.0,Automatic,cc,11500000.0
236,BMW 5 Series 5th (E60) Generation 2012 520d for Sale,8.9,2012,140000,Diesel,2000.0,Automatic,cc,11700000.0
237,BMW X1  2018 sDrive18i A/T for Sale,,2018,65000,Petrol,1500.0,Automatic,cc,7200000.0
238,BMW 3 Series 4th (E46) Generation 2017 318i for Sale,,2017,86000,Petrol,2000.0,Automatic,cc,11500000.0
239,BMW 7 Series  2016 750 Li for Sale,,2016,69000,Petrol,4400.0,Automatic,cc,37500000.0
240,BMW 7 Series  2023 i7 xDrive60 Excellence for Sale,,2023,8000,Electric,1050.0,Automatic,kWh,
241,BMW 7 Series  2023 i7 xDrive60 M Sports for Sale,,2023,5000,Electric,105.0,Automatic,kWh,65000000.0
242,BMW iX  2022 xDrive40 for Sale,,2022,12000,Electric,71.0,Automatic,kWh,
243,BMW X7  2022 xDrive40i for Sale,,2022,60000,Petrol,3000.0,Automatic,cc,64000000.0
244,BMW 5 Series  2014 528i for Sale,,2014,67000,Petrol,2000.0,Automatic,cc,
245,BMW 7 Series  2022 i7 xDrive60 M Sports for Sale,,2022,12000,Electric,1057.0,Automatic,kWh,59900000.0
246,BMW 7 Series  2022 i7 xDrive60 M Sports for Sale,,2022,4000,Electric,105.0,Automatic,kWh,63300000.0
247,BMW 7 Series  2022 i7 xDrive60 Excellence for Sale,,2022,33000,Electric,105.0,Automatic,kWh,60000000.0
248,BMW X5  2002 3.0i for Sale,,2002,185000,Petrol,3000.0,Automatic,cc,4325000.0
249,BMW X1  2017 sDrive18i A/T for Sale,,2017,80000,Petrol,1500.0,Automatic,cc,7000000.0
250,BMW 7 Series  2022 i7 xDrive60 M Sports for Sale,,2022,3000,Electric,105.7,Automatic,kWh,63500000.0
251,BMW i5  2023 eDrive40 M Sport for Sale,,2023,19800,Electric,81.0,Automatic,kWh,32000000.0
252,BMW iX3  2021 M Sport for Sale,,2021,9500,Electric,73.0,Automatic,kWh,21200000.0
253,BMW 7 Series 5th (F01) Generation 2011 750Li for Sale,,2011,108000,Petrol,4400.0,Automatic,cc,16500000.0
254,BMW X1  2017 sDrive18i A/T for Sale,,2017,55000,Petrol,1500.0,Automatic,cc,7200000.0
255,BMW 7 Series 4th (E65) Generation 2003 745Li for Sale,,2003,100000,Petrol,4400.0,Automatic,cc,3450000.0
256,BMW 5 Series 5th (E60) Generation 2003 530i for Sale,,2003,170000,Petrol,3000.0,Automatic,cc,4480000.0
257,BMW iX3  2021 M Sport for Sale,,2021,34000,Electric,80.0,Automatic,kWh,20000000.0
258,BMW iX3  2021 M Sport for Sale,,2021,28000,Electric,80.0,Automatic,kWh,18100000.0
259,BMW 7 Series  2024 i7 xDrive50 M Sport for Sale,,2024,9000,Electric,101.7,Automatic,kWh,64900000.0
260,BMW X1  2021 sDrive18i A/T for Sale,,2021,45000,Petrol,1500.0,Automatic,cc,11399999.999999998
261,BMW 3 Series  1997  for Sale,,1997,210000,Petrol,1600.0,Automatic,cc,2100000.0
262,BMW 7 Series 4th (E65) Generation 2006 745Li for Sale,,2006,219000,Petrol,4400.0,Automatic,cc,4250000.0
263,BMW 7 Series  2023 i7 xDrive60 M Sports for Sale,,2023,3000,Electric,105.0,Automatic,kWh,
264,BMW 5 Series 5th (E60) Generation 2003 530i for Sale,,2003,200000,Petrol,3000.0,Automatic,cc,4700000.0
265,BMW i5  2025 eDrive40 M Sport for Sale,,2025,10000,Electric,81.0,Automatic,kWh,45000000.0
266,BMW 7 Series  2022 i7 xDrive60 M Sports for Sale,,2022,12000,Electric,1057.0,Automatic,kWh,59900000.0
267,BMW 7 Series  2022 i7 xDrive60 M Sports for Sale,,2022,4000,Electric,105.0,Automatic,kWh,63300000.0
268,BMW 7 Series  2022 i7 xDrive60 Excellence for Sale,,2022,33000,Electric,105.0,Automatic,kWh,60000000.0
269,BMW i5  2023 eDrive40 M Sport for Sale,,2023,19800,Electric,81.0,Automatic,kWh,32000000.0
270,BMW iX3  2021 M Sport for Sale,,2021,28000,Electric,80.0,Automatic,kWh,18100000.0
271,BMW 7 Series  2024 i7 xDrive50 M Sport for Sale,,2024,9000,Electric,101.7,Automatic,kWh,64900000.0
272,BMW 7 Series  2023 i7 xDrive60 M Sports for Sale,,2023,3000,Electric,105.0,Automatic,kWh,
273,BMW i5  2025 eDrive40 M Sport for Sale,,2025,10000,Electric,81.0,Automatic,kWh,45000000.0
274,BMW 2 Series  2021 218i Gran Coupe for Sale,,2021,18000,Petrol,1500.0,Automatic,cc,14000000.0
275,BMW 7 Series  2019 740 Le xDrive for Sale,,2019,38000,Hybrid,2000.0,Automatic,cc,
276,BMW X5  2014 xDrive35d for Sale,,2014,109000,Diesel,3000.0,Automatic,cc,13500000.0
277,BMW 7 Series  2022 i7 xDrive60 Excellence for Sale,,2022,24000,Electric,105.0,Automatic,kWh,57500000.0
278,BMW 5 Series 5th (E60) Generation 2004 525i for Sale,,2004,221000,Petrol,2500.0,Automatic,cc,3700000.0
279,BMW X1  2017 sDrive18i A/T for Sale,,2017,110000,Petrol,1500.0,Automatic,cc,6900000.0
280,BMW 3 Series  2004  for Sale,,2004,123,Petrol,4300.0,Manual,cc,3800000.0
281,BMW X1  2017 sDrive18i A/T for Sale,,2017,114000,Petrol,1500.0,Automatic,cc,6700000.0
282,BMW 3 Series  1997  for Sale,,1997,80000,Petrol,1800.0,Automatic,cc,2100000.0
283,BMW 3 Series  2004  for Sale,,2004,15000,Petrol,4000.0,Manual,cc,4500000.0
284,BMW X1  2019 sDrive18i A/T for Sale,,2019,146000,Petrol,1500.0,Automatic,cc,7500000.0
285,BMW iX  2022  for Sale,,2022,7747,Electric,71.0,Automatic,kWh,33000000.0
286,BMW iX  2022 xDrive50 for Sale,,2022,7500,Electric,105.0,Automatic,kWh,28500000.0
287,BMW X1  2017 sDrive18i A/T for Sale,,2017,29000,Petrol,1500.0,Automatic,cc,8500000.0
288,BMW iX  2022 xDrive40 for Sale,,2022,7700,Electric,71.0,Automatic,kWh,33000000.0
289,BMW i5  2025 eDrive40 for Sale,,2025,15,Electric,81.0,Automatic,kWh,46500000.0
290,BMW 7 Series  2017 740 Le xDrive for Sale,,2017,62000,Hybrid,2000.0,Automatic,cc,37500000.0
291,BMW 7 Series  2023 i7 xDrive60 M Sports for Sale,,2023,5000,Electric,105.0,Automatic,kWh,65000000.0
292,BMW 7 Series  2019 745Le xDrive for Sale,,2019,35598,Hybrid,3000.0,Automatic,cc,58500000.0
293,BMW X1  2018 sDrive18i M/T for Sale,,2018,95000,Petrol,1500.0,Automatic,cc,7900000.0
294,BMW iX1  2023  for Sale,,2023,400,Electric,64.0,Automatic,kWh,20000000.0
295,BMW 7 Series  2025 i7 M70 xDrive for Sale,,2025,22000,Electric,101.0,Automatic,kWh,73000000.0
296,BMW X1  2018 sDrive18i A/T for Sale,,2018,84800,Petrol,1500.0,Automatic,cc,9200000.0
297,BMW X5  2016 xDrive35d for Sale,,2016,99000,Diesel,3000.0,Automatic,cc,10200000.0
298,BMW 7 Series  2022 i7 xDrive60 Excellence for Sale,,2022,16000,Electric,105.0,Automatic,kWh,
299,BMW iX  2022  for Sale,,2022,7747,Electric,71.0,Automatic,kWh,33000000.0
300,BMW iX  2022 xDrive50 for Sale,,2022,7500,Electric,105.0,Automatic,kWh,28500000.0
301,BMW X1  2017 sDrive18i A/T for Sale,,2017,29000,Petrol,1500.0,Automatic,cc,8500000.0
302,BMW iX  2022 xDrive40 for Sale,,2022,7700,Electric,71.0,Automatic,kWh,33000000.0
303,BMW i5  2025 eDrive40 for Sale,,2025,15,Electric,81.0,Automatic,kWh,46500000.0
304,BMW 7 Series  2017 740 Le xDrive for Sale,,2017,62000,Hybrid,2000.0,Automatic,cc,37500000.0
305,BMW 7 Series  2023 i7 xDrive60 M Sports for Sale,,2023,5000,Electric,105.0,Automatic,kWh,65000000.0
306,BMW 7 Series  2019 745Le xDrive for Sale,,2019,35598,Hybrid,3000.0,Automatic,cc,58500000.0
307,BMW iX1  2023  for Sale,,2023,400,Electric,64.0,Automatic,kWh,20000000.0
308,BMW 7 Series  2025 i7 M70 xDrive for Sale,,2025,22000,Electric,101.0,Automatic,kWh,73000000.0
309,BMW 5 Series 5th (E60) Generation 2004 530i for Sale,,2004,79000,Petrol,3000.0,Automatic,cc,5000000.0
310,BMW 5 Series  2017 530e for Sale,,2017,17000,Hybrid,2000.0,Automatic,cc,27500000.0
311,BMW X1  2017 sDrive18i A/T for Sale,,2017,27000,Petrol,1500.0,Automatic,cc,7200000.0
312,BMW 7 Series  2022 i7 xDrive60 Excellence for Sale,,2022,6000,Electric,101.7,Automatic,kWh,60000000.0
313,BMW X5  2012 xDrive50i for Sale,,2012,95000,Petrol,4400.0,Automatic,cc,18000000.0
314,BMW X1  2017 sDrive18i A/T for Sale,,2017,154548,Petrol,1500.0,Automatic,cc,6850000.0
315,BMW 7 Series  2018 740 Le xDrive for Sale,,2018,30000,Hybrid,2000.0,Automatic,cc,42000000.0
316,BMW 7 Series 5th (F01) Generation 2013 ActiveHybrid 7L for Sale,,2013,105000,Hybrid,3000.0,Automatic,cc,18000000.0
317,BMW 7 Series  2023 i7 xDrive60 M Sports for Sale,,2023,800,Electric,105.0,Automatic,kWh,56500000.0
318,BMW 7 Series  2005  for Sale,,2005,110000,Petrol,4000.0,Automatic,cc,5400000.0
319,BMW 5 Series 5th (E60) Generation 2005 530i for Sale,,2005,108500,Petrol,3000.0,Automatic,cc,4000000.0
320,BMW X5  2021 xDrive45e for Sale,,2021,76831,PHEV,3000.0,Automatic,cc,50000000.0
321,BMW X5  2005 4.4i for Sale,,2005,133000,Petrol,4400.0,Automatic,cc,5850000.0
322,BMW X1  2017 sDrive18i A/T for Sale,,2017,103000,Petrol,1500.0,Automatic,cc,7200000.0
323,BMW 7 Series 5th (F01) Generation 2013 ActiveHybrid 7 for Sale,,2013,75000,Hybrid,3000.0,Automatic,cc,17500000.0
324,BMW 5 Series 5th (E60) Generation 2006 530i for Sale,,2006,190000,Petrol,3000.0,Automatic,cc,4050000.0
325,BMW 3 Series 5th (E90) Generation 2005 320i for Sale,,2005,2000,Petrol,2000.0,Automatic,cc,4700000.0
326,BMW X3  2008  for Sale,,2008,92000,Petrol,2500.0,Automatic,cc,4000000.0
327,BMW 5 Series 5th (E60) Generation 2004 530i for Sale,,2004,53000,Petrol,3000.0,Automatic,cc,7000000.0
328,BMW X1  2017 sDrive18i A/T for Sale,,2017,123455,Petrol,1500.0,Automatic,cc,6300000.0
329,BMW 5 Series 5th (E60) Generation 2004 545i for Sale,,2004,220000,Petrol,4400.0,Automatic,cc,5700000.0
330,BMW X1  2017  for Sale,,2017,120000,Petrol,1500.0,Automatic,cc,6870000.0
331,BMW X5  2003 3.0i for Sale,,2003,250000,Petrol,3000.0,Automatic,cc,3800000.0
332,BMW 7 Series  2005  for Sale,,2005,288000,Diesel,3000.0,Automatic,cc,5000000.0
333,BMW 7 Series  2024 i7 xDrive60 M Sports for Sale,,2024,6800,Electric,105.0,Automatic,kWh,49500000.0
334,BMW 3 Series  2014 316i for Sale,,2014,36200,Petrol,1600.0,Automatic,cc,9500000.0
335,BMW 3 Series  2016 318i for Sale,,2016,105000,Petrol,1600.0,Automatic,cc,9450000.0
336,BMW M Series  2002  for Sale,,2002,182000,Petrol,3200.0,Manual,cc,14500000.0
337,BMW 7 Series  2024 i7 xDrive50 M Sport for Sale,,2024,7000,Electric,101.7,Automatic,kWh,62000000.0
338,BMW 7 Series  2017 740 Le xDrive for Sale,,2017,62000,Hybrid,2000.0,Automatic,cc,38500000.0
339,BMW X5  2007 xDrive30d for Sale,,2007,103000,Diesel,3000.0,Automatic,cc,8475000.0
340,BMW iX3  2022 M Sport for Sale,,2022,13500,Electric,73.0,Automatic,kWh,20000000.0
341,BMW 3 Series  2013  for Sale,,2013,70000,Petrol,1600.0,Manual,cc,8000000.0
342,BMW M5  2019  for Sale,,2019,59000,Petrol,4400.0,Automatic,cc,45500000.0
343,BMW 3 Series  1996  for Sale,,1996,55000,Petrol,3000.0,Manual,cc,1850000.0
